{
  "k8sWorkloadHistogram": {
    "containerHistogramDataList": [
      {
        "containerName": "harness-test-mock-elk-bg-environment",
        "cpuHistogram": {
          "firstBucketSize": 0.01,
          "growthRatio": 0.05,
          "numBuckets": 13,
          "totalWeight": 227.70000000000005,
          "bucketWeights": [
            195.7530949105915,
            0.25447902338376893,
            0.09787654745529575,
            0,
            0,
            1.800928473177442,
            17.010943947730404,
            10.883872077028888,
            1.6051753782668503,
            0.1957530949105915,
            0,
            0,
            0.09787654745529575
          ],
          "precomputed": [
            0,
            0.01,
            0.01,
            0.01,
            0.01,
            0.01,
            0.01,
            0.01,
            0.01,
            0.01,
            0.01,
            0.01,
            0.01,
            0.01,
            0.01,
            0.01,
            0.01,
            0.01,
            0.01,
            0.01,
            0.01,
            0.01,
            0.01,
            0.01,
            0.01,
            0.01,
            0.01,
            0.01,
            0.01,
            0.01,
            0.01,
            0.01,
            0.01,
            0.01,
            0.01,
            0.01,
            0.01,
            0.01,
            0.01,
            0.01,
            0.01,
            0.01,
            0.01,
            0.01,
            0.01,
            0.01,
            0.01,
            0.01,
            0.01,
            0.01,
            0.01,
            0.01,
            0.01,
            0.01,
            0.01,
            0.01,
            0.01,
            0.01,
            0.01,
            0.01,
            0.01,
            0.01,
            0.01,
            0.01,
            0.01,
            0.01,
            0.01,
            0.01,
            0.01,
            0.01,
            0.01,
            0.01,
            0.01,
            0.01,
            0.01,
            0.01,
            0.01,
            0.01,
            0.01,
            0.01,
            0.01,
            0.01,
            0.01,
            0.01,
            0.01,
            0.01,
            0.020499999999999987,
            0.08142008453125002,
            0.08142008453125002,
            0.08142008453125002,
            0.08142008453125002,
            0.08142008453125002,
            0.08142008453125002,
            0.08142008453125002,
            0.08142008453125002,
            0.09549108875781252,
            0.09549108875781252,
            0.09549108875781252,
            0.09549108875781252,
            0.09549108875781252,
            0.17712982846464717
          ],
          "maxBucket": 12,
          "minBucket": 0
        },
        "memoryHistogram": {
          "firstBucketSize": 10000000,
          "growthRatio": 0.05,
          "numBuckets": 1,
          "totalWeight": 3,
          "bucketWeights": [2.9999999999999996],
          "precomputed": [
            0,
            281323846.7382169,
            281323846.7382169,
            281323846.7382169,
            281323846.7382169,
            281323846.7382169,
            281323846.7382169,
            281323846.7382169,
            281323846.7382169,
            281323846.7382169,
            281323846.7382169,
            281323846.7382169,
            281323846.7382169,
            281323846.7382169,
            281323846.7382169,
            281323846.7382169,
            281323846.7382169,
            281323846.7382169,
            281323846.7382169,
            281323846.7382169,
            281323846.7382169,
            281323846.7382169,
            281323846.7382169,
            281323846.7382169,
            281323846.7382169,
            281323846.7382169,
            281323846.7382169,
            281323846.7382169,
            281323846.7382169,
            281323846.7382169,
            281323846.7382169,
            281323846.7382169,
            281323846.7382169,
            281323846.7382169,
            281323846.7382169,
            281323846.7382169,
            281323846.7382169,
            281323846.7382169,
            281323846.7382169,
            281323846.7382169,
            281323846.7382169,
            281323846.7382169,
            281323846.7382169,
            281323846.7382169,
            281323846.7382169,
            281323846.7382169,
            281323846.7382169,
            281323846.7382169,
            281323846.7382169,
            281323846.7382169,
            281323846.7382169,
            281323846.7382169,
            281323846.7382169,
            281323846.7382169,
            281323846.7382169,
            281323846.7382169,
            281323846.7382169,
            281323846.7382169,
            281323846.7382169,
            281323846.7382169,
            281323846.7382169,
            281323846.7382169,
            281323846.7382169,
            281323846.7382169,
            281323846.7382169,
            281323846.7382169,
            281323846.7382169,
            281323846.7382169,
            281323846.7382169,
            281323846.7382169,
            281323846.7382169,
            281323846.7382169,
            281323846.7382169,
            281323846.7382169,
            281323846.7382169,
            281323846.7382169,
            281323846.7382169,
            281323846.7382169,
            281323846.7382169,
            281323846.7382169,
            281323846.7382169,
            281323846.7382169,
            281323846.7382169,
            281323846.7382169,
            281323846.7382169,
            281323846.7382169,
            281323846.7382169,
            281323846.7382169,
            281323846.7382169,
            281323846.7382169,
            281323846.7382169,
            281323846.7382169,
            281323846.7382169,
            281323846.7382169,
            281323846.7382169,
            281323846.7382169,
            281323846.7382169,
            281323846.7382169,
            281323846.7382169,
            281323846.7382169,
            281323846.7382169
          ],
          "maxBucket": 17,
          "minBucket": 17
        }
      }
    ]
  }
}
